--------------------------------------------------------
-- Examen Recuperación 2ª Evaluación 22-23   
--------------------------------------------------------
--------------------------------------------------------
--  DDL for Table FP_ALUMNO
--------------------------------------------------------

  CREATE TABLE FP_ALUMNO ("DNI_ALUM" VARCHAR2(9 BYTE), "NOMBRE" VARCHAR2(20 BYTE), "APELLIDO1" VARCHAR2(20 BYTE), "APELLIDO2" VARCHAR2(20 BYTE), "FECHA_NAC" DATE);
  desc FP_ALUMNO;
--------------------------------------------------------
--  DDL for Table FP_CICLO
--------------------------------------------------------

  CREATE TABLE "FP_CICLO" ("COD_CICLO" NUMBER(2,0), "NOMBRE" VARCHAR2(50 BYTE), "ABREV" VARCHAR2(4 BYTE));
  desc "fp_ciclo";
--------------------------------------------------------
--  DDL for Table FP_CURSO
--------------------------------------------------------

  CREATE TABLE "FP_CURSO" ("CURSO" CHAR(1 BYTE), "COD_MOD" NUMBER(2,0), "COD_CICLO" NUMBER(2,0));
--------------------------------------------------------
--  DDL for Table FP_DEPARTAMENTO
--------------------------------------------------------

  CREATE TABLE "FP_DEPARTAMENTO" ("COD_DEP" NUMBER(2,0), "NOMBRE" VARCHAR2(35 BYTE), "DNI_JEFE" VARCHAR2(9 BYTE));
--------------------------------------------------------
--  DDL for Table FP_ESPECIALIDAD
--------------------------------------------------------

  CREATE TABLE "FP_ESPECIALIDAD" ("COD_ESP" NUMBER(2,0), "NOMBRE_ESP" VARCHAR2(35 BYTE));
--------------------------------------------------------
--  DDL for Table FP_GRUPO
--------------------------------------------------------

  CREATE TABLE "FP_GRUPO" ("COD_GRUPO" VARCHAR2(10 BYTE), "COD_CICLO" NUMBER(2,0), "DESCRIPCION" VARCHAR2(35 BYTE), "DNI_DELEGADO" VARCHAR2(9 BYTE));
--------------------------------------------------------
--  DDL for Table FP_IMPARTE
--------------------------------------------------------

  CREATE TABLE "FP_IMPARTE" ("DNI_PROFE" VARCHAR2(9 BYTE), "COD_MOD" NUMBER(2,0), "COD_GRUPO" VARCHAR2(10 BYTE), "ANIO" NUMBER(4,0));
--------------------------------------------------------
--  DDL for Table FP_MATRICULA
--------------------------------------------------------

  CREATE TABLE "FP_MATRICULA" ("DNI_ALUM" VARCHAR2(9 BYTE), "COD_GRUPO" VARCHAR2(10 BYTE), "COD_MOD" NUMBER(2,0), "CONVOCATORIA" NUMBER(1,0), "ANIO" NUMBER(4,0), "NOTA_FINAL" NUMBER(2,0), "NOTA_EV1" NUMBER(2,0), "NOTA_EV2" NUMBER(2,0));
--------------------------------------------------------
--  DDL for Table FP_MODULO
--------------------------------------------------------

  CREATE TABLE "FP_MODULO" ("COD_MOD" NUMBER(2,0), "NOMBRE" VARCHAR2(60 BYTE), "HORAS" NUMBER(3,0));
--------------------------------------------------------
--  DDL for Table FP_PROFESOR
--------------------------------------------------------

  CREATE TABLE "FP_PROFESOR" ("DNI_PROFE" VARCHAR2(9 BYTE), "NOMBRE" VARCHAR2(20 BYTE), "APELLIDO1" VARCHAR2(20 BYTE), "APELLIDO2" VARCHAR2(20 BYTE), "COD_DEP" NUMBER(2,0), "COD_ESPEC" NUMBER(2,0));
REM INSERTING into FP_ALUMNO
SET DEFINE OFF;
Insert into FP_ALUMNO (DNI_ALUM,NOMBRE,APELLIDO1,APELLIDO2,FECHA_NAC) values ('111A','BETH','HART','SMITH',to_date('24/01/72','DD/MM/RR'));
Insert into FP_ALUMNO (DNI_ALUM,NOMBRE,APELLIDO1,APELLIDO2,FECHA_NAC) values ('222B','JANIS','JOPLIN','LYN',to_date('19/01/43','DD/MM/RR'));
Insert into FP_ALUMNO (DNI_ALUM,NOMBRE,APELLIDO1,APELLIDO2,FECHA_NAC) values ('333C','ARETHA','FRANKLIN','LOUSE',to_date('25/03/42','DD/MM/RR'));
Insert into FP_ALUMNO (DNI_ALUM,NOMBRE,APELLIDO1,APELLIDO2,FECHA_NAC) values ('444D','FREDDIE','MERCURY','QUEEN',to_date('05/09/46','DD/MM/RR'));
Insert into FP_ALUMNO (DNI_ALUM,NOMBRE,APELLIDO1,APELLIDO2,FECHA_NAC) values ('555E','ELVIS','PRESLEY','AARON',to_date('08/01/35','DD/MM/RR'));
Insert into FP_ALUMNO (DNI_ALUM,NOMBRE,APELLIDO1,APELLIDO2,FECHA_NAC) values ('666F','ENRIQUE','BUNBURY','ORTIZ',to_date('11/08/67','DD/MM/RR'));
Insert into FP_ALUMNO (DNI_ALUM,NOMBRE,APELLIDO1,APELLIDO2,FECHA_NAC) values ('777G','CARLOS','TARQUE','GONZÁLEZ',to_date('16/09/69','DD/MM/RR'));
Insert into FP_ALUMNO (DNI_ALUM,NOMBRE,APELLIDO1,APELLIDO2,FECHA_NAC) values ('888H','JOAQUÍN','SABINA','MARTÍNEZ',to_date('12/02/49','DD/MM/RR'));
Insert into FP_ALUMNO (DNI_ALUM,NOMBRE,APELLIDO1,APELLIDO2,FECHA_NAC) values ('999I','PABLO','LÓPEZ','JIMÉNEZ',to_date('11/03/84','DD/MM/RR'));
REM INSERTING into FP_CICLO
SET DEFINE OFF;
Insert into FP_CICLO (COD_CICLO,NOMBRE,ABREV) values ('5','ADMINISTRACIÓN Y FINANZAS','AF');
Insert into FP_CICLO (COD_CICLO,NOMBRE,ABREV) values ('1','DESARROLLO DE APLICACIONES WEB','DAW');
Insert into FP_CICLO (COD_CICLO,NOMBRE,ABREV) values ('2','DESARROLLO DE APLICACIONES MULTIPLATAFORMA','DAM');
Insert into FP_CICLO (COD_CICLO,NOMBRE,ABREV) values ('3','ADMINISTRACIÓN DE SISTEMAS INFORMÁTICOS EN RED','ASIR');
Insert into FP_CICLO (COD_CICLO,NOMBRE,ABREV) values ('4','SISTEMAS MICROINFORMÁTICOS Y REDES','SMR');
REM INSERTING into FP_CURSO
SET DEFINE OFF;
Insert into FP_CURSO (CURSO,COD_MOD,COD_CICLO) values ('1','1','1');
Insert into FP_CURSO (CURSO,COD_MOD,COD_CICLO) values ('1','4','1');
Insert into FP_CURSO (CURSO,COD_MOD,COD_CICLO) values ('1','5','1');
Insert into FP_CURSO (CURSO,COD_MOD,COD_CICLO) values ('1','2','2');
Insert into FP_CURSO (CURSO,COD_MOD,COD_CICLO) values ('1','3','2');
Insert into FP_CURSO (CURSO,COD_MOD,COD_CICLO) values ('2','8','2');
Insert into FP_CURSO (CURSO,COD_MOD,COD_CICLO) values ('2','6','2');
Insert into FP_CURSO (CURSO,COD_MOD,COD_CICLO) values ('3','17','1');
Insert into FP_CURSO (CURSO,COD_MOD,COD_CICLO) values ('3','22','2');
Insert into FP_CURSO (CURSO,COD_MOD,COD_CICLO) values ('1','2','1');
REM INSERTING into FP_DEPARTAMENTO
SET DEFINE OFF;
REM INSERTING into FP_ESPECIALIDAD
SET DEFINE OFF;
REM INSERTING into FP_GRUPO
SET DEFINE OFF;
Insert into FP_GRUPO (COD_GRUPO,COD_CICLO,DESCRIPCION,DNI_DELEGADO) values ('1DAW-D','1','PRIMERO DAW DIURNO',null);
Insert into FP_GRUPO (COD_GRUPO,COD_CICLO,DESCRIPCION,DNI_DELEGADO) values ('2DAW-D','1','SEGUNDO DAW DIURNO',null);
Insert into FP_GRUPO (COD_GRUPO,COD_CICLO,DESCRIPCION,DNI_DELEGADO) values ('1DAW-V','1','PRIMERO DAW VESPERTINO',null);
Insert into FP_GRUPO (COD_GRUPO,COD_CICLO,DESCRIPCION,DNI_DELEGADO) values ('2DAW-V','1','SEGUNDO DAW VESPERTINO',null);
Insert into FP_GRUPO (COD_GRUPO,COD_CICLO,DESCRIPCION,DNI_DELEGADO) values ('1DAM-D','2','PRIMERO DAM DIURNO','222B');
Insert into FP_GRUPO (COD_GRUPO,COD_CICLO,DESCRIPCION,DNI_DELEGADO) values ('2DAM-D','2','SEGUNDO DAM DIURNO','888H');
Insert into FP_GRUPO (COD_GRUPO,COD_CICLO,DESCRIPCION,DNI_DELEGADO) values ('1DAM-V','2','PRIMERO DAM VESPERTINO',null);
Insert into FP_GRUPO (COD_GRUPO,COD_CICLO,DESCRIPCION,DNI_DELEGADO) values ('2DAM-V','2','SEGUNDO DAM VESPERTINO',null);
Insert into FP_GRUPO (COD_GRUPO,COD_CICLO,DESCRIPCION,DNI_DELEGADO) values ('1ASIR-D','3','PRIMERO ASIR DIURNO','555E');
Insert into FP_GRUPO (COD_GRUPO,COD_CICLO,DESCRIPCION,DNI_DELEGADO) values ('2ASIR-D','3','SEGUNDO ASIR DIURNO','444D');
Insert into FP_GRUPO (COD_GRUPO,COD_CICLO,DESCRIPCION,DNI_DELEGADO) values ('1SMR-D','4','PRIMERO SMR DIURNO',null);
Insert into FP_GRUPO (COD_GRUPO,COD_CICLO,DESCRIPCION,DNI_DELEGADO) values ('2SMR-D','4','SEGUNDO SMR DIURNO',null);
Insert into FP_GRUPO (COD_GRUPO,COD_CICLO,DESCRIPCION,DNI_DELEGADO) values ('1SMR-V','4','PRIMERO SMR VESPERTINO',null);
Insert into FP_GRUPO (COD_GRUPO,COD_CICLO,DESCRIPCION,DNI_DELEGADO) values ('2SMR-V','4','SEGUNDO SMR VESPERTINO',null);
REM INSERTING into FP_IMPARTE
SET DEFINE OFF;
REM INSERTING into FP_MATRICULA
SET DEFINE OFF;
Insert into FP_MATRICULA (DNI_ALUM,COD_GRUPO,COD_MOD,CONVOCATORIA,ANIO,NOTA_FINAL,NOTA_EV1,NOTA_EV2) values ('222B','1DAM-D','1','1','2022','8','7','9');
Insert into FP_MATRICULA (DNI_ALUM,COD_GRUPO,COD_MOD,CONVOCATORIA,ANIO,NOTA_FINAL,NOTA_EV1,NOTA_EV2) values ('222B','1DAM-D','2','1','2022','5','6','4');
Insert into FP_MATRICULA (DNI_ALUM,COD_GRUPO,COD_MOD,CONVOCATORIA,ANIO,NOTA_FINAL,NOTA_EV1,NOTA_EV2) values ('222B','1DAM-D','3','1','2022','4','4','4');
Insert into FP_MATRICULA (DNI_ALUM,COD_GRUPO,COD_MOD,CONVOCATORIA,ANIO,NOTA_FINAL,NOTA_EV1,NOTA_EV2) values ('222B','1DAM-D','4','1','2022','3','3','2');
Insert into FP_MATRICULA (DNI_ALUM,COD_GRUPO,COD_MOD,CONVOCATORIA,ANIO,NOTA_FINAL,NOTA_EV1,NOTA_EV2) values ('222B','1DAM-D','5','1','2022','8','7','8');
Insert into FP_MATRICULA (DNI_ALUM,COD_GRUPO,COD_MOD,CONVOCATORIA,ANIO,NOTA_FINAL,NOTA_EV1,NOTA_EV2) values ('222B','1DAM-D','6','1','2022','7','6','8');
Insert into FP_MATRICULA (DNI_ALUM,COD_GRUPO,COD_MOD,CONVOCATORIA,ANIO,NOTA_FINAL,NOTA_EV1,NOTA_EV2) values ('111A','1DAM-D','2','3','2022','6','6','5');
Insert into FP_MATRICULA (DNI_ALUM,COD_GRUPO,COD_MOD,CONVOCATORIA,ANIO,NOTA_FINAL,NOTA_EV1,NOTA_EV2) values ('111A','1DAM-D','5','3','2022','5','5','5');
Insert into FP_MATRICULA (DNI_ALUM,COD_GRUPO,COD_MOD,CONVOCATORIA,ANIO,NOTA_FINAL,NOTA_EV1,NOTA_EV2) values ('111A','1DAM-D','6','3','2022','7','6','8');
Insert into FP_MATRICULA (DNI_ALUM,COD_GRUPO,COD_MOD,CONVOCATORIA,ANIO,NOTA_FINAL,NOTA_EV1,NOTA_EV2) values ('444D','2DAM-D','7','1','2022','8','8','8');
Insert into FP_MATRICULA (DNI_ALUM,COD_GRUPO,COD_MOD,CONVOCATORIA,ANIO,NOTA_FINAL,NOTA_EV1,NOTA_EV2) values ('444D','2DAM-D','8','1','2022','7','6','7');
Insert into FP_MATRICULA (DNI_ALUM,COD_GRUPO,COD_MOD,CONVOCATORIA,ANIO,NOTA_FINAL,NOTA_EV1,NOTA_EV2) values ('444D','2DAM-D','9','1','2022','3','2','4');
Insert into FP_MATRICULA (DNI_ALUM,COD_GRUPO,COD_MOD,CONVOCATORIA,ANIO,NOTA_FINAL,NOTA_EV1,NOTA_EV2) values ('444D','2DAM-D','10','1','2022','8','9','8');
Insert into FP_MATRICULA (DNI_ALUM,COD_GRUPO,COD_MOD,CONVOCATORIA,ANIO,NOTA_FINAL,NOTA_EV1,NOTA_EV2) values ('444D','2DAM-D','11','1','2022','6','6','6');
Insert into FP_MATRICULA (DNI_ALUM,COD_GRUPO,COD_MOD,CONVOCATORIA,ANIO,NOTA_FINAL,NOTA_EV1,NOTA_EV2) values ('444D','2DAM-D','12','1','2022','5','5','6');
Insert into FP_MATRICULA (DNI_ALUM,COD_GRUPO,COD_MOD,CONVOCATORIA,ANIO,NOTA_FINAL,NOTA_EV1,NOTA_EV2) values ('444D','2DAM-D','13','1','2022','6','6','5');
Insert into FP_MATRICULA (DNI_ALUM,COD_GRUPO,COD_MOD,CONVOCATORIA,ANIO,NOTA_FINAL,NOTA_EV1,NOTA_EV2) values ('333C','2DAM-D','8','4','2022','5','5','5');
Insert into FP_MATRICULA (DNI_ALUM,COD_GRUPO,COD_MOD,CONVOCATORIA,ANIO,NOTA_FINAL,NOTA_EV1,NOTA_EV2) values ('333C','2DAM-D','7','4','2022','6','5','6');
Insert into FP_MATRICULA (DNI_ALUM,COD_GRUPO,COD_MOD,CONVOCATORIA,ANIO,NOTA_FINAL,NOTA_EV1,NOTA_EV2) values ('555E','1ASIR-D','4','1','2021','8','7','9');
Insert into FP_MATRICULA (DNI_ALUM,COD_GRUPO,COD_MOD,CONVOCATORIA,ANIO,NOTA_FINAL,NOTA_EV1,NOTA_EV2) values ('555E','1ASIR-D','1','1','2021','7','6','8');
Insert into FP_MATRICULA (DNI_ALUM,COD_GRUPO,COD_MOD,CONVOCATORIA,ANIO,NOTA_FINAL,NOTA_EV1,NOTA_EV2) values ('555E','1ASIR-D','14','1','2021','10','10','10');
Insert into FP_MATRICULA (DNI_ALUM,COD_GRUPO,COD_MOD,CONVOCATORIA,ANIO,NOTA_FINAL,NOTA_EV1,NOTA_EV2) values ('555E','1ASIR-D','15','1','2021','9','8','9');
Insert into FP_MATRICULA (DNI_ALUM,COD_GRUPO,COD_MOD,CONVOCATORIA,ANIO,NOTA_FINAL,NOTA_EV1,NOTA_EV2) values ('555E','1ASIR-D','16','1','2021','9','9','9');
Insert into FP_MATRICULA (DNI_ALUM,COD_GRUPO,COD_MOD,CONVOCATORIA,ANIO,NOTA_FINAL,NOTA_EV1,NOTA_EV2) values ('555E','1ASIR-D','17','1','2021','9','9','8');
Insert into FP_MATRICULA (DNI_ALUM,COD_GRUPO,COD_MOD,CONVOCATORIA,ANIO,NOTA_FINAL,NOTA_EV1,NOTA_EV2) values ('666F','1ASIR-D','16','2','2021','6','5','6');
Insert into FP_MATRICULA (DNI_ALUM,COD_GRUPO,COD_MOD,CONVOCATORIA,ANIO,NOTA_FINAL,NOTA_EV1,NOTA_EV2) values ('666F','1ASIR-D','17','2','2021','7','7','7');
Insert into FP_MATRICULA (DNI_ALUM,COD_GRUPO,COD_MOD,CONVOCATORIA,ANIO,NOTA_FINAL,NOTA_EV1,NOTA_EV2) values ('666F','1ASIR-D','15','2','2021','3','4','3');
Insert into FP_MATRICULA (DNI_ALUM,COD_GRUPO,COD_MOD,CONVOCATORIA,ANIO,NOTA_FINAL,NOTA_EV1,NOTA_EV2) values ('888H','2ASIR-D','18','1','2020','5','6','5');
Insert into FP_MATRICULA (DNI_ALUM,COD_GRUPO,COD_MOD,CONVOCATORIA,ANIO,NOTA_FINAL,NOTA_EV1,NOTA_EV2) values ('888H','2ASIR-D','19','1','2020','9','9','8');
Insert into FP_MATRICULA (DNI_ALUM,COD_GRUPO,COD_MOD,CONVOCATORIA,ANIO,NOTA_FINAL,NOTA_EV1,NOTA_EV2) values ('888H','2ASIR-D','9','1','2020','8','8','9');
Insert into FP_MATRICULA (DNI_ALUM,COD_GRUPO,COD_MOD,CONVOCATORIA,ANIO,NOTA_FINAL,NOTA_EV1,NOTA_EV2) values ('888H','2ASIR-D','10','1','2020','10','10','10');
Insert into FP_MATRICULA (DNI_ALUM,COD_GRUPO,COD_MOD,CONVOCATORIA,ANIO,NOTA_FINAL,NOTA_EV1,NOTA_EV2) values ('888H','2ASIR-D','20','1','2020','8','8','8');
Insert into FP_MATRICULA (DNI_ALUM,COD_GRUPO,COD_MOD,CONVOCATORIA,ANIO,NOTA_FINAL,NOTA_EV1,NOTA_EV2) values ('888H','2ASIR-D','21','1','2020','7','6','7');
Insert into FP_MATRICULA (DNI_ALUM,COD_GRUPO,COD_MOD,CONVOCATORIA,ANIO,NOTA_FINAL,NOTA_EV1,NOTA_EV2) values ('888H','2ASIR-D','22','1','2020','6','6','5');
Insert into FP_MATRICULA (DNI_ALUM,COD_GRUPO,COD_MOD,CONVOCATORIA,ANIO,NOTA_FINAL,NOTA_EV1,NOTA_EV2) values ('777G','2ASIR-D','22','3','2020','6','6','6');
Insert into FP_MATRICULA (DNI_ALUM,COD_GRUPO,COD_MOD,CONVOCATORIA,ANIO,NOTA_FINAL,NOTA_EV1,NOTA_EV2) values ('777G','2ASIR-D','19','3','2020','7','7','6');
Insert into FP_MATRICULA (DNI_ALUM,COD_GRUPO,COD_MOD,CONVOCATORIA,ANIO,NOTA_FINAL,NOTA_EV1,NOTA_EV2) values ('777G','2ASIR-D','20','3','2020','4','4','3');
Insert into FP_MATRICULA (DNI_ALUM,COD_GRUPO,COD_MOD,CONVOCATORIA,ANIO,NOTA_FINAL,NOTA_EV1,NOTA_EV2) values ('777G','2ASIR-D','21','3','2020','5','5','5');
Insert into FP_MATRICULA (DNI_ALUM,COD_GRUPO,COD_MOD,CONVOCATORIA,ANIO,NOTA_FINAL,NOTA_EV1,NOTA_EV2) values ('999I','2ASIR-D','22','4','2020','5','5','6');
Insert into FP_MATRICULA (DNI_ALUM,COD_GRUPO,COD_MOD,CONVOCATORIA,ANIO,NOTA_FINAL,NOTA_EV1,NOTA_EV2) values ('999I','2ASIR-D','19','4','2020','6','6','5');
Insert into FP_MATRICULA (DNI_ALUM,COD_GRUPO,COD_MOD,CONVOCATORIA,ANIO,NOTA_FINAL,NOTA_EV1,NOTA_EV2) values ('666F','1ASIR-D','4','1','2021','8','7','9');
REM INSERTING into FP_MODULO
SET DEFINE OFF;
Insert into FP_MODULO (COD_MOD,NOMBRE,HORAS) values ('1','LENGUAJES DE MARCAS Y SISTEMAS DE GESTIÓN DE INFORMACIÓN','4');
Insert into FP_MODULO (COD_MOD,NOMBRE,HORAS) values ('2','BASES DE DATOS','6');
Insert into FP_MODULO (COD_MOD,NOMBRE,HORAS) values ('3','ENTORNOS DE DESARROLLO','3');
Insert into FP_MODULO (COD_MOD,NOMBRE,HORAS) values ('4','FORMACIÓN Y ORIENTACIÓN LABORAL','3');
Insert into FP_MODULO (COD_MOD,NOMBRE,HORAS) values ('5','PROGRAMACIÓN','8');
Insert into FP_MODULO (COD_MOD,NOMBRE,HORAS) values ('6','SISTEMAS INFORMÁTICOS','6');
Insert into FP_MODULO (COD_MOD,NOMBRE,HORAS) values ('7','ACCESO A DATOS','6');
Insert into FP_MODULO (COD_MOD,NOMBRE,HORAS) values ('8','DESARROLLO DE INTERFACES','6');
Insert into FP_MODULO (COD_MOD,NOMBRE,HORAS) values ('9','EMPRESA E INICIATIVA EMPRENDEDORA','3');
Insert into FP_MODULO (COD_MOD,NOMBRE,HORAS) values ('10','INGLÉS TÉCNICO','2');
Insert into FP_MODULO (COD_MOD,NOMBRE,HORAS) values ('11','PROGRAMACIÓN DE SERVICIOS Y PROVCESOS','4');
Insert into FP_MODULO (COD_MOD,NOMBRE,HORAS) values ('12','PROGRAMACIÓN MULTIMEDIA Y DISPOSITIVOS MÓVILES','4');
Insert into FP_MODULO (COD_MOD,NOMBRE,HORAS) values ('13','SISTEMAS DE GESTIÓN EMPRESARIAL','5');
Insert into FP_MODULO (COD_MOD,NOMBRE,HORAS) values ('14','FUNDAMENTOS DE HARDWARE','3');
Insert into FP_MODULO (COD_MOD,NOMBRE,HORAS) values ('15','GESTIÓN DE BASES DE DATOS','6');
Insert into FP_MODULO (COD_MOD,NOMBRE,HORAS) values ('16','IMPLANTACIÓN DE SISTEMAS OPERATIVOS','8');
Insert into FP_MODULO (COD_MOD,NOMBRE,HORAS) values ('17','PLANIFICACIÓN Y ADMINISTRACIÓN DE REDES','6');
Insert into FP_MODULO (COD_MOD,NOMBRE,HORAS) values ('18','ADMINISTRACIÓN DE SISTEMAS GESTORES DE BASES DE DATOS','3');
Insert into FP_MODULO (COD_MOD,NOMBRE,HORAS) values ('19','ADMINISTRACIÓN DE SISTEMAS OPERATIVOS','6');
Insert into FP_MODULO (COD_MOD,NOMBRE,HORAS) values ('20','IMPLANTACIÓN DE APLICACIONES WEB','5');
Insert into FP_MODULO (COD_MOD,NOMBRE,HORAS) values ('21','SEGURIDAD Y ALTA DISPONIBILIDAD','5');
Insert into FP_MODULO (COD_MOD,NOMBRE,HORAS) values ('22','SERVICIOS DE RED E INTERNET','6');
REM INSERTING into FP_PROFESOR
SET DEFINE OFF;
--------------------------------------------------------
--  Constraints for Table FP_PROFESOR
--------------------------------------------------------

  ALTER TABLE "FP_PROFESOR" MODIFY ("DNI_PROFE" NOT NULL ENABLE);
  ALTER TABLE "FP_PROFESOR" MODIFY ("NOMBRE" NOT NULL ENABLE);
  ALTER TABLE "FP_PROFESOR" MODIFY ("APELLIDO1" NOT NULL ENABLE);
  ALTER TABLE "FP_PROFESOR" MODIFY ("APELLIDO2" NOT NULL ENABLE);
  ALTER TABLE "FP_PROFESOR" MODIFY ("COD_DEP" NOT NULL ENABLE);
  ALTER TABLE "FP_PROFESOR" MODIFY ("COD_ESPEC" NOT NULL ENABLE);
  ALTER TABLE "FP_PROFESOR" ADD CONSTRAINT "PROFESOR_PK" PRIMARY KEY ("DNI_PROFE"); 
--------------------------------------------------------
--  Constraints for Table FP_MATRICULA
--------------------------------------------------------

  ALTER TABLE "FP_MATRICULA" MODIFY ("DNI_ALUM" NOT NULL ENABLE);
  ALTER TABLE "FP_MATRICULA" MODIFY ("COD_GRUPO" NOT NULL ENABLE);
  ALTER TABLE "FP_MATRICULA" MODIFY ("COD_MOD" NOT NULL ENABLE);
  ALTER TABLE "FP_MATRICULA" MODIFY ("CONVOCATORIA" NOT NULL ENABLE);
  ALTER TABLE "FP_MATRICULA" MODIFY ("ANIO" NOT NULL ENABLE);
  ALTER TABLE "FP_MATRICULA" ADD CONSTRAINT "FP_MATRICULA_PK" PRIMARY KEY ("DNI_ALUM", "COD_GRUPO", "COD_MOD", "CONVOCATORIA")ENABLE;
--------------------------------------------------------
--  Constraints for Table FP_CURSO
--------------------------------------------------------

  ALTER TABLE "FP_CURSO" MODIFY ("CURSO" NOT NULL ENABLE);
  ALTER TABLE "FP_CURSO" MODIFY ("COD_MOD" NOT NULL ENABLE);
  ALTER TABLE "FP_CURSO" MODIFY ("COD_CICLO" NOT NULL ENABLE);
  ALTER TABLE "FP_CURSO" ADD CONSTRAINT "FP_CURSO_PK" PRIMARY KEY ("COD_MOD", "COD_CICLO") ENABLE;
--------------------------------------------------------
--  Constraints for Table FP_ESPECIALIDAD
--------------------------------------------------------

  ALTER TABLE "FP_ESPECIALIDAD" MODIFY ("COD_ESP" NOT NULL ENABLE);
  ALTER TABLE "FP_ESPECIALIDAD" MODIFY ("NOMBRE_ESP" NOT NULL ENABLE);
  ALTER TABLE "FP_ESPECIALIDAD" ADD CONSTRAINT "FP_ESPECIALIDAD_PK" PRIMARY KEY ("COD_ESP") ENABLE;
--------------------------------------------------------
--  Constraints for Table FP_GRUPO
--------------------------------------------------------

  ALTER TABLE "FP_GRUPO" MODIFY ("COD_GRUPO" NOT NULL ENABLE);
  ALTER TABLE "FP_GRUPO" MODIFY ("COD_CICLO" NOT NULL ENABLE);
  ALTER TABLE "FP_GRUPO" MODIFY ("DESCRIPCION" NOT NULL ENABLE);
  ALTER TABLE "FP_GRUPO" ADD CONSTRAINT "FP_GRUPO_PK" PRIMARY KEY ("COD_GRUPO") ENABLE;
--------------------------------------------------------
--  Constraints for Table FP_MODULO
--------------------------------------------------------

  ALTER TABLE "FP_MODULO" MODIFY ("COD_MOD" NOT NULL ENABLE);
  ALTER TABLE "FP_MODULO" MODIFY ("NOMBRE" NOT NULL ENABLE);
  ALTER TABLE "FP_MODULO" MODIFY ("HORAS" NOT NULL ENABLE);
  ALTER TABLE "FP_MODULO" ADD CONSTRAINT "FP_ASIGNATURA_PK" PRIMARY KEY ("COD_MOD") ENABLE;
--------------------------------------------------------
--  Constraints for Table FP_ALUMNO
--------------------------------------------------------

  ALTER TABLE "FP_ALUMNO" MODIFY ("DNI_ALUM" NOT NULL ENABLE);
  ALTER TABLE "FP_ALUMNO" MODIFY ("NOMBRE" NOT NULL ENABLE);
  ALTER TABLE "FP_ALUMNO" MODIFY ("APELLIDO1" NOT NULL ENABLE);
  ALTER TABLE "FP_ALUMNO" ADD CONSTRAINT "FP_ALUM_PK" PRIMARY KEY ("DNI_ALUM") ENABLE;
--------------------------------------------------------
--  Constraints for Table FP_CICLO
--------------------------------------------------------

  ALTER TABLE "FP_CICLO" MODIFY ("COD_CICLO" NOT NULL ENABLE);
  ALTER TABLE "FP_CICLO" MODIFY ("NOMBRE" NOT NULL ENABLE);
  ALTER TABLE "FP_CICLO" ADD CONSTRAINT "FP_CICLO_PK" PRIMARY KEY ("COD_CICLO") ENABLE;
--------------------------------------------------------
--  Constraints for Table FP_DEPARTAMENTO
--------------------------------------------------------

  ALTER TABLE "FP_DEPARTAMENTO" MODIFY ("COD_DEP" NOT NULL ENABLE);
  ALTER TABLE "FP_DEPARTAMENTO" MODIFY ("NOMBRE" NOT NULL ENABLE);
  ALTER TABLE "FP_DEPARTAMENTO" MODIFY ("DNI_JEFE" NOT NULL ENABLE);
  ALTER TABLE "FP_DEPARTAMENTO" ADD CONSTRAINT "FP_DEPARTAMENTO_PK" PRIMARY KEY ("COD_DEP") ENABLE;
--------------------------------------------------------
--  Constraints for Table FP_IMPARTE
--------------------------------------------------------

  ALTER TABLE "FP_IMPARTE" MODIFY ("DNI_PROFE" NOT NULL ENABLE);
  ALTER TABLE "FP_IMPARTE" MODIFY ("COD_MOD" NOT NULL ENABLE);
  ALTER TABLE "FP_IMPARTE" MODIFY ("COD_GRUPO" NOT NULL ENABLE);
  ALTER TABLE "FP_IMPARTE" MODIFY ("ANIO" NOT NULL ENABLE);
  ALTER TABLE "FP_IMPARTE" ADD CONSTRAINT "FP_IMPARTE_PK" PRIMARY KEY ("DNI_PROFE", "COD_MOD", "COD_GRUPO", "ANIO") ENABLE;
--------------------------------------------------------
--  Ref Constraints for Table FP_CURSO
--------------------------------------------------------

  ALTER TABLE "FP_CURSO" ADD CONSTRAINT "FK_MOD" FOREIGN KEY ("COD_MOD") REFERENCES "FP_MODULO" ("COD_MOD") ENABLE;
  ALTER TABLE "FP_CURSO" ADD CONSTRAINT "FK_CICLO" FOREIGN KEY ("COD_CICLO") REFERENCES "FP_CICLO" ("COD_CICLO") ENABLE;
--------------------------------------------------------
--  Ref Constraints for Table FP_DEPARTAMENTO
--------------------------------------------------------

  ALTER TABLE "FP_DEPARTAMENTO" ADD CONSTRAINT "FP_DEPARTAMENTO_FK1" FOREIGN KEY ("DNI_JEFE") REFERENCES "FP_PROFESOR" ("DNI_PROFE") ON DELETE CASCADE ENABLE;
--------------------------------------------------------
--  Ref Constraints for Table FP_GRUPO
--------------------------------------------------------

  ALTER TABLE "FP_GRUPO" ADD CONSTRAINT "FK_GR_CICLO" FOREIGN KEY ("COD_CICLO") REFERENCES "FP_CICLO" ("COD_CICLO") ENABLE;
  ALTER TABLE "FP_GRUPO" ADD CONSTRAINT "FK_GR_ALUM" FOREIGN KEY ("DNI_DELEGADO") REFERENCES "FP_ALUMNO" ("DNI_ALUM") ENABLE;
--------------------------------------------------------
--  Ref Constraints for Table FP_IMPARTE
--------------------------------------------------------

  ALTER TABLE "FP_IMPARTE" ADD CONSTRAINT "FK_IMP_PROF" FOREIGN KEY ("DNI_PROFE") REFERENCES "FP_PROFESOR" ("DNI_PROFE") ENABLE;
  ALTER TABLE "FP_IMPARTE" ADD CONSTRAINT "FK_IMP_GRUPO" FOREIGN KEY ("COD_GRUPO") REFERENCES "FP_GRUPO" ("COD_GRUPO") DISABLE;
  ALTER TABLE "FP_IMPARTE" ADD CONSTRAINT "FK_IMP_MOD" FOREIGN KEY ("COD_MOD") REFERENCES "FP_MODULO" ("COD_MOD") ENABLE;
--------------------------------------------------------
--  Ref Constraints for Table FP_MATRICULA
--------------------------------------------------------

  ALTER TABLE "FP_MATRICULA" ADD CONSTRAINT "FK_MAT_GRUP" FOREIGN KEY ("COD_GRUPO") REFERENCES "FP_GRUPO" ("COD_GRUPO") ENABLE;
  ALTER TABLE "FP_MATRICULA" ADD CONSTRAINT "FK_MAT_MOD" FOREIGN KEY ("COD_MOD") REFERENCES "FP_MODULO" ("COD_MOD") ENABLE;
  ALTER TABLE "FP_MATRICULA" ADD CONSTRAINT "FK_MAT_ALUM" FOREIGN KEY ("DNI_ALUM") REFERENCES "FP_ALUMNO" ("DNI_ALUM") ENABLE;
--------------------------------------------------------
--  Ref Constraints for Table FP_PROFESOR
--------------------------------------------------------

  ALTER TABLE "FP_PROFESOR" ADD CONSTRAINT "FK_PROFESOR" FOREIGN KEY ("COD_DEP") REFERENCES "FP_DEPARTAMENTO" ("COD_DEP") ENABLE;
  ALTER TABLE "FP_PROFESOR" ADD CONSTRAINT "FK_PROF_ESP" FOREIGN KEY ("COD_ESPEC") REFERENCES "FP_ESPECIALIDAD" ("COD_ESP") ENABLE;
